{
   "age" : "not_child",
   "age_confidence" : 0.9925467371940613,
   "eye_iris_color" : {
      "blue" : 68,
      "green" : 64,
      "red" : 79
   },
   "eye_sclera_color" : {
      "blue" : 203,
      "green" : 201,
      "red" : 216
   },
   "facial_landmarks_68" : [
      -0.07222766429185867,
      0.1339354813098907,
      0.03409113362431526,
      -0.06967673450708389,
      0.1129852905869484,
      0.03885507956147194,
      -0.07220009714365005,
      0.09144383668899536,
      0.006976943928748369,
      -0.05702360346913338,
      0.07624836266040802,
      0.06072566658258438,
      -0.05054822191596031,
      0.05929697677493095,
      0.0628606379032135,
      -0.03960736095905304,
      0.04528389871120453,
      0.0684368833899498,
      -0.02578303776681423,
      0.03572015091776848,
      0.07925713807344437,
      -0.0124548701569438,
      0.02742003463208675,
      0.08550777286291122,
      0.002926070243120193,
      0.01396049559116364,
      0.04914292320609093,
      0.02056900784373283,
      0.01540646143257618,
      0.04391505941748619,
      0.03701664879918098,
      0.02359143830835819,
      0.03261042013764381,
      0.05353779718279839,
      0.03274340182542801,
      0.010687037371099,
      NaN,
      NaN,
      NaN,
      NaN,
      NaN,
      NaN,
      0.07720963656902313,
      0.09068016707897186,
      0.006326427683234215,
      0.08444610983133316,
      0.1122401058673859,
      -0.005324123427271843,
      0.07836049050092697,
      0.1324823200702667,
      0.03241441026329994,
      -0.05714549496769905,
      0.1466619521379471,
      0.06724251806735992,
      -0.04682052135467529,
      0.1547693759202957,
      0.08154804259538651,
      -0.03364028781652451,
      0.1573701947927475,
      0.09003671258687973,
      -0.02081809937953949,
      0.1555816531181335,
      0.09392822533845901,
      -0.009583358652889729,
      0.1511115431785583,
      0.09476004540920258,
      0.01653469726443291,
      0.1517056971788406,
      0.09471345692873001,
      0.02845167554914951,
      0.1563106924295425,
      0.09326613694429398,
      0.04229923337697983,
      0.1578221619129181,
      0.08764079213142395,
      0.05605902522802353,
      0.1551843136548996,
      0.07479528337717056,
      0.06793902069330215,
      0.146683007478714,
      0.0547834075987339,
      0.003445361973717809,
      0.1330235749483109,
      0.0956587940454483,
      0.004011420533061028,
      0.1209725588560104,
      0.1019668430089951,
      0.003964812494814396,
      0.1101197451353073,
      0.1093897446990013,
      0.003984673880040646,
      0.09901591390371323,
      0.1121978238224983,
      -0.008067412301898003,
      0.08895377069711685,
      0.1018827110528946,
      -0.002590879565104842,
      0.08726844191551208,
      0.1035636737942696,
      0.004022910259664059,
      0.08610577881336212,
      0.1043481901288033,
      0.01010432373732328,
      0.08720367401838303,
      0.1031012460589409,
      0.01570708304643631,
      0.08881612122058868,
      0.1007229760289192,
      -0.04085160046815872,
      0.1300834864377975,
      0.08364642411470413,
      -0.03267664089798927,
      0.1361139565706253,
      0.08834163099527359,
      -0.02244204841554165,
      0.1360402554273605,
      0.08933791518211365,
      -0.01416324730962515,
      0.1277924031019211,
      0.08968228846788406,
      -0.02312665246427059,
      0.1259646713733673,
      0.08856760710477829,
      -0.03278946876525879,
      0.1260422617197037,
      0.08701677620410919,
      0.0205029733479023,
      0.1277870535850525,
      0.09001262485980988,
      0.02938543073832989,
      0.1359768360853195,
      0.08969946205615997,
      0.03895685076713562,
      0.1360687464475632,
      0.08894076198339462,
      0.0476267896592617,
      0.1301233768463135,
      0.08255812525749207,
      0.03917477652430534,
      0.1260411143302917,
      0.0872289165854454,
      0.02941728010773659,
      0.1259423196315765,
      0.08906154334545135,
      -0.02006663754582405,
      0.06735207140445709,
      0.09478092193603516,
      -0.01044839061796665,
      0.07141263782978058,
      0.1021508574485779,
      -0.001971314428374171,
      0.07361318171024323,
      0.1051605194807053,
      0.004014378413558006,
      0.07181254774332047,
      0.1052542924880981,
      0.009463507682085037,
      0.0734739750623703,
      0.1042528301477432,
      0.01823842339217663,
      0.07094994932413101,
      0.09924346953630447,
      0.02736827172338963,
      0.06747565418481827,
      0.09214261174201965,
      0.01900926604866982,
      0.0594077929854393,
      0.09603859484195709,
      0.01082220301032066,
      0.05502848327159882,
      0.09908975660800934,
      0.004056383389979601,
      0.0540018118917942,
      0.1001032367348671,
      -0.002669563516974449,
      0.05529275164008141,
      0.1003270819783211,
      -0.01124502252787352,
      0.05928469076752663,
      0.09851592034101486,
      -0.01679129339754581,
      0.06709980964660645,
      0.09740311652421951,
      -0.002614405239000916,
      0.06616275757551193,
      0.1036720499396324,
      0.003426314564421773,
      0.06556022167205811,
      0.1039303615689278,
      0.0101444935426116,
      0.06655526906251907,
      0.1028136759996414,
      0.02354248985648155,
      0.06713281571865082,
      0.0944574698805809,
      0.01016500685364008,
      0.06525346636772156,
      0.10226721316576,
      0.004046234767884016,
      0.06423807144165039,
      0.1033540293574333,
      -0.002613228745758533,
      0.06491583585739136,
      0.1032592579722404
   ],
   "gender" : "female",
   "gender_confidence" : 0.988369345664978,
   "lips_color" : {
      "blue" : 139,
      "green" : 137,
      "red" : 208
   },
   "pipeline" : "head_1.2",
   "pipeline_subtype" : "base/mobile",
   "race" : "asian",
   "race_confidence" : 1,
   "races" : {
      "asian" : 1,
      "black" : 3.069889351178756e-18,
      "white" : 1.033128915750581e-09
   },
   "skin_color" : {
      "blue" : 181,
      "green" : 191,
      "red" : 220
   }
}
